<?xml version="1.0" encoding="UTF-8"?>
<metadata xml:lang="en"><Esri><CreaDate>20201119</CreaDate><CreaTime>10251700</CreaTime><ArcGISFormat>1.0</ArcGISFormat><SyncOnce>TRUE</SyncOnce><DataProperties><itemProps><itemLocation><linkage Sync="TRUE">file://\\OWEN233-01\D$\research\swat\swat5\swat5\commondata\raster_data\LandUse2</linkage><protocol Sync="TRUE">Local Area Network</protocol></itemLocation></itemProps><copyHistory><copy source="D:\research\swat\swat5\Watershed\Grid\LandUse2" dest="\\OWEN233-01\D$\research\swat\swat5\swat5\commondata\raster_data\LandUse2" date="20201119" time="10251700"></copy></copyHistory></DataProperties></Esri></metadata>
