<?xml version="1.0" encoding="UTF-8"?>
<metadata xml:lang="en"><Esri><CreaDate>20201119</CreaDate><CreaTime>10251500</CreaTime><ArcGISFormat>1.0</ArcGISFormat><SyncOnce>TRUE</SyncOnce><DataProperties><lineage><Process ToolSource="c:\program files (x86)\arcgis\desktop10.4\ArcToolbox\Toolboxes\Data Management Tools.tbx\BuildRasterAttributeTable" Date="20200824" Time="021446">BuildRasterAttributeTable D:\research\swat\swat5\Watershed\Grid\LandSoils1 NONE</Process></lineage><itemProps><itemLocation><linkage Sync="TRUE">file://\\OWEN233-01\D$\research\swat\swat5\swat5\commondata\raster_data\LandSoils1</linkage><protocol Sync="TRUE">Local Area Network</protocol></itemLocation></itemProps><copyHistory><copy source="D:\research\swat\swat5\Watershed\Grid\LandSoils1" dest="\\OWEN233-01\D$\research\swat\swat5\swat5\commondata\raster_data\LandSoils1" date="20201119" time="10251500"></copy></copyHistory></DataProperties></Esri></metadata>
